"","pval","cil","ciu"
"1",1,-0.0175376060454837,0.0169330159809588
