,x,y,pval,cil,ciu,point
2,1,A10,0.234,-0.00693,0.024091,0.012
3,1,N02A,0,0.299,0.45,0.379
4,1,N06A,0.1265,-0.026431718,0.004958416,-0.010736651
